{"about_contact.md":"LNJYhN1S","about_index.md":"B2IAcewD","about_privacy.md":"Dvn0XD4i","en_about_contact.md":"BjnT12qZ","en_about_index.md":"CpnBvkE9","en_about_privacy.md":"Dz9cqQ7i","en_index.md":"DyMF4yCT","en_students_daz_grammar_daz_modals.md":"BCSjOhkJ","en_students_daz_grammar_daz_prepositions.md":"DMjhyA0A","en_students_daz_grammar_daz_w_questions.md":"DdfvPAdX","en_students_daz_grammar_index.md":"DVHXoujO","en_students_daz_index.md":"BKyLB_u-","en_students_daz_number_game.md":"3CNdxKo9","en_students_daz_number_game_game_intro.md":"CLsAzzhM","en_students_daz_vocabulary_index.md":"CrjMzlrr","en_students_english_index.md":"D6-mQ_zJ","en_students_index.md":"DvLWpMil","en_students_informatik_index.md":"BEE6wwO-","en_students_informatik_inf_klasse_10_index.md":"DExPGfgR","en_students_informatik_inf_klasse_10_programmieren_block1.md":"BAvKjUuP","en_students_informatik_inf_klasse_10_programmieren_block2.md":"BS9Z2m-o","en_students_informatik_inf_klasse_10_programmieren_block3.md":"CXoqzkn8","en_students_informatik_inf_klasse_10_programmieren_block4.md":"BqPFiNun","en_students_informatik_inf_klasse_10_programmieren_block5.md":"BBUIJFPU","en_students_informatik_inf_klasse_10_programmieren_block6.md":"CV5tHHR5","en_students_informatik_inf_klasse_10_programmieren_pyturtle_wiki.md":"BQEWk3Mq","en_students_informatik_inf_klasse_7_index.md":"ChETfzln","en_students_informatik_inf_klasse_8_index.md":"DaP3IY2J","en_students_informatik_inf_klasse_9_index.md":"DP5q_TaD","en_teachers_index.md":"HXdL3lJP","en_teachers_t_english_index.md":"BYVEQLfO","en_teachers_t_english_seminar_bewertung.md":"Bvdpro4X","index.md":"SeMD-oMj","students_daz_grammar_daz_modals.md":"croEEkR_","students_daz_grammar_daz_prepositions.md":"BabC5p1O","students_daz_grammar_daz_w_questions.md":"C0QHxxDq","students_daz_grammar_index.md":"BV0xwSyD","students_daz_index.md":"Bngg1XR7","students_daz_number_game.md":"DSsa2mFj","students_daz_vocabulary_index.md":"CfB0ICsg","students_english_index.md":"DOtY4t2g","students_english_klasse_10_index.md":"wPeJPu7H","students_english_klasse_11_index.md":"BJZzCgJe","students_english_klasse_11_the commonwealth of nations_history_commonwealth_timeline.md":"COBBlyvs","students_english_klasse_11_the commonwealth of nations_index.md":"CKWI5t9F","students_english_klasse_12_index.md":"SfCstQ3r","students_english_klasse_5_index.md":"CbKjaXn8","students_english_klasse_6_index.md":"DJaQMn_h","students_english_klasse_7_index.md":"BIxwYxLT","students_english_klasse_8_index.md":"dwHWEH6v","students_english_klasse_9_index.md":"0fe-o1FG","students_index.md":"CgSp0Zmi","students_informatik_index.md":"BP4JCnT6","students_informatik_inf_klasse_10_index.md":"Cg35fvXo","students_informatik_inf_klasse_10_programmieren_block0.md":"CVgJ_YZ2","students_informatik_inf_klasse_10_programmieren_block1.md":"CB6TH-OU","students_informatik_inf_klasse_10_programmieren_block2.md":"D-wLkoKX","students_informatik_inf_klasse_10_programmieren_block3.md":"BDKBgNho","students_informatik_inf_klasse_10_programmieren_block4.md":"DBgdG9Xf","students_informatik_inf_klasse_10_programmieren_block5.md":"D_1Uhc3t","students_informatik_inf_klasse_10_programmieren_block6.md":"BSqa-mw1","students_informatik_inf_klasse_10_programmieren_pyturtle_wiki.md":"D3CG0yxB","students_informatik_inf_klasse_7_algorithmen_index.md":"Podq4qLq","students_informatik_inf_klasse_7_index.md":"jtTN0VTA","students_informatik_inf_klasse_7_informatiksysteme_hardware.md":"DH8Gn_Dy","students_informatik_inf_klasse_7_informatiksysteme_software.md":"DXTuFm5q","students_informatik_inf_klasse_7_informationen_daten_digitale_medien.md":"DFJFceR1","students_informatik_inf_klasse_7_informationen_daten_informationen_daten.md":"DUXCbJIX","students_informatik_inf_klasse_8_algorithmen_alg_eigenschaften.md":"DIYJGYKG","students_informatik_inf_klasse_8_algorithmen_alg_einfuehrung.md":"D2IiB6BV","students_informatik_inf_klasse_8_algorithmen_alg_im_alltag.md":"CGY-CzNQ","students_informatik_inf_klasse_8_algorithmen_alg_programmieren.md":"CYJ2Uw1N","students_informatik_inf_klasse_8_index.md":"sKVIY-BV","students_informatik_inf_klasse_8_vernetzte_systeme_datenschutz_datensicherheit.md":"C0hcp6A1","students_informatik_inf_klasse_8_vernetzte_systeme_gesellschaft.md":"B62xGe3q","students_informatik_inf_klasse_8_vernetzte_systeme_kooperation_kollaboration.md":"D02aAWre","students_informatik_inf_klasse_9_datenbanken_datenmanagement_big-data.md":"B9r_k2yc","students_informatik_inf_klasse_9_datenbanken_datenmanagement_daten-im-alltag.md":"D9zS5_RE","students_informatik_inf_klasse_9_datenbanken_datenmanagement_metadaten.md":"CtHYn2eO","students_informatik_inf_klasse_9_datenbanken_datenmanagementphasen_archivieren-oder-vernichten.md":"Dtyd3hqs","students_informatik_inf_klasse_9_datenbanken_datenmanagementphasen_datenmanagementphasen.md":"Cj-7gXrn","students_informatik_inf_klasse_9_datenbanken_datenmanagementphasen_generieren-und-erfassen.md":"BMdJuNcb","students_informatik_inf_klasse_9_datenbanken_nutzen-und-teilen_datenabfragen.md":"DDDEdp5g","students_informatik_inf_klasse_9_datenbanken_nutzen-und-teilen_datengraph.md":"EuZodUn4","students_informatik_inf_klasse_9_datenbanken_nutzen-und-teilen_datengruppierung.md":"D3xPOrj0","students_informatik_inf_klasse_9_datenbanken_nutzen-und-teilen_datenkennzahlen.md":"DKVLvEPT","students_informatik_inf_klasse_9_datenbanken_nutzen-und-teilen_datenoperationen.md":"DmQbHZCG","students_informatik_inf_klasse_9_datenbanken_nutzen-und-teilen_datenvisualisierung.md":"BmB5WN7b","students_informatik_inf_klasse_9_datenbanken_nutzen-und-teilen_datenvorhersage.md":"DOJryumI","students_informatik_inf_klasse_9_datenbanken_nutzen-und-teilen_nutzen-und-teilen.md":"30-R1RCq","students_informatik_inf_klasse_9_datenbanken_nutzen-und-teilen_uebung-tracking-und-werbung.md":"BukCj2n0","students_informatik_inf_klasse_9_datenbanken_speichern-und-verwalten_datenbankmanagementsystem.md":"CCnEotfT","students_informatik_inf_klasse_9_datenbanken_speichern-und-verwalten_datenmodellierung.md":"CY1lZntb","students_informatik_inf_klasse_9_datenbanken_speichern-und-verwalten_entity-relationship-model.md":"C4mSSP69","students_informatik_inf_klasse_9_datenbanken_speichern-und-verwalten_kardinalitaeten.md":"CTkW1Jg2","students_informatik_inf_klasse_9_datenbanken_speichern-und-verwalten_primaer-und-fremdschluessel.md":"CH57_rHV","students_informatik_inf_klasse_9_datenbanken_speichern-und-verwalten_speichern-und-verwalten.md":"CyQf9PZZ","students_informatik_inf_klasse_9_datenbanken_speichern-und-verwalten_uebungen.md":"rAnXrKx_","students_informatik_inf_klasse_9_index.md":"JjtPQNYf","students_informatik_inf_klasse_9_ki_bestaerkendes_lernen.md":"CTXuL4LI","students_informatik_inf_klasse_9_ki_einfuehrung_ki.md":"BZLymCpd","students_informatik_inf_klasse_9_ki_ueberwachtes_lernen.md":"BCvqnSto","students_informatik_inf_klasse_9_ki_unueberwachtes_lernen.md":"CaMR6ySu","students_informatik_inf_klasse_9_netzwerke_datenschutz_datensicherheit.md":"DQmz0RdV","students_informatik_inf_klasse_9_netzwerke_gesellschaft.md":"BTHuWZ6Y","students_informatik_inf_klasse_9_netzwerke_grundlagen.md":"_ADaRk6l","students_informatik_inf_klasse_9_netzwerke_verschluesselung.md":"E6SuHpxf","teachers_index.md":"CXfeacso","teachers_t_computerscience_klasse_9_stunde1.md":"_5I7o3ee","teachers_t_english_index.md":"BVOUhyjz","teachers_t_english_seminar_bewertung.md":"B24o5iHn","uk_index.md":"G6xfgEJb","uk_students_index.md":"DQTrcSf4","uk_students_informatik_index.md":"BZJ0WB7C","uk_students_informatik_inf_klasse_10_index.md":"CqsZAUY1","uk_students_informatik_inf_klasse_10_programmieren_block1.md":"DwljQ1pW","uk_students_informatik_inf_klasse_10_programmieren_block2.md":"EFko_2Pv","uk_students_informatik_inf_klasse_10_programmieren_block3.md":"D4paRvPA","uk_students_informatik_inf_klasse_10_programmieren_block4.md":"CLWyuqVP","uk_students_informatik_inf_klasse_10_programmieren_block5.md":"BIXCteTP","uk_students_informatik_inf_klasse_10_programmieren_block6.md":"BVs03bZD","uk_students_informatik_inf_klasse_10_programmieren_pyturtle_wiki.md":"w3dwYxBQ"}
