{"about_contact.md":"LNJYhN1S","about_index.md":"B2IAcewD","about_privacy.md":"Dvn0XD4i","en_about_contact.md":"BjnT12qZ","en_about_index.md":"CpnBvkE9","en_about_privacy.md":"Dz9cqQ7i","en_index.md":"DyMF4yCT","en_students_daz_grammar_daz_modals.md":"BCSjOhkJ","en_students_daz_grammar_daz_prepositions.md":"DMjhyA0A","en_students_daz_grammar_daz_w_questions.md":"DdfvPAdX","en_students_daz_grammar_index.md":"DVHXoujO","en_students_daz_index.md":"BKyLB_u-","en_students_daz_number_game.md":"3CNdxKo9","en_students_daz_number_game_game_intro.md":"CLsAzzhM","en_students_daz_vocabulary_index.md":"CrjMzlrr","en_students_english_index.md":"D6-mQ_zJ","en_students_index.md":"DvLWpMil","en_students_informatik_index.md":"BEE6wwO-","en_students_informatik_inf_klasse_10_index.md":"DExPGfgR","en_students_informatik_inf_klasse_10_programmieren_block1.md":"BAvKjUuP","en_students_informatik_inf_klasse_10_programmieren_block2.md":"BS9Z2m-o","en_students_informatik_inf_klasse_10_programmieren_block3.md":"CXoqzkn8","en_students_informatik_inf_klasse_10_programmieren_block4.md":"BqPFiNun","en_students_informatik_inf_klasse_10_programmieren_block5.md":"BBUIJFPU","en_students_informatik_inf_klasse_10_programmieren_block6.md":"CV5tHHR5","en_students_informatik_inf_klasse_10_programmieren_pyturtle_wiki.md":"BQEWk3Mq","en_students_informatik_inf_klasse_7_index.md":"ChETfzln","en_students_informatik_inf_klasse_8_index.md":"DaP3IY2J","en_students_informatik_inf_klasse_9_index.md":"DP5q_TaD","en_teachers_index.md":"HXdL3lJP","en_teachers_t_english_index.md":"BYVEQLfO","en_teachers_t_english_seminar_bewertung.md":"Bvdpro4X","index.md":"SeMD-oMj","students_daz_grammar_daz_modals.md":"croEEkR_","students_daz_grammar_daz_prepositions.md":"BabC5p1O","students_daz_grammar_daz_w_questions.md":"C0QHxxDq","students_daz_grammar_index.md":"BV0xwSyD","students_daz_index.md":"cOstPLHB","students_daz_number_game.md":"DSsa2mFj","students_daz_vocabulary_index.md":"CfB0ICsg","students_english_index.md":"BJJ5EbJF","students_index.md":"xaPMcL39","students_informatik_index.md":"B6tI-vPh","students_informatik_inf_klasse_10_index.md":"7GTyLsM5","students_informatik_inf_klasse_10_programmieren_block1.md":"CYXij41P","students_informatik_inf_klasse_10_programmieren_block2.md":"hs3gMiX8","students_informatik_inf_klasse_10_programmieren_block3.md":"CKiDBL-A","students_informatik_inf_klasse_10_programmieren_block4.md":"DWAzMKay","students_informatik_inf_klasse_10_programmieren_block5.md":"CUXb6ToV","students_informatik_inf_klasse_10_programmieren_block6.md":"B3gDK1Gk","students_informatik_inf_klasse_10_programmieren_pyturtle_wiki.md":"DkFHanVb","students_informatik_inf_klasse_7_algorithmen_index.md":"Podq4qLq","students_informatik_inf_klasse_7_index.md":"DHUM4-_l","students_informatik_inf_klasse_7_informatiksysteme_hardware.md":"DH8Gn_Dy","students_informatik_inf_klasse_7_informatiksysteme_software.md":"DXTuFm5q","students_informatik_inf_klasse_7_informationen_daten_digitale_medien.md":"DFJFceR1","students_informatik_inf_klasse_7_informationen_daten_informationen_daten.md":"DUXCbJIX","students_informatik_inf_klasse_8_algorithmen_alg_eigenschaften.md":"DIYJGYKG","students_informatik_inf_klasse_8_algorithmen_alg_einfuehrung.md":"D2IiB6BV","students_informatik_inf_klasse_8_algorithmen_alg_im_alltag.md":"CGY-CzNQ","students_informatik_inf_klasse_8_algorithmen_alg_programmieren.md":"CYJ2Uw1N","students_informatik_inf_klasse_8_index.md":"sKVIY-BV","students_informatik_inf_klasse_8_vernetzte_systeme_datenschutz_datensicherheit.md":"C0hcp6A1","students_informatik_inf_klasse_8_vernetzte_systeme_gesellschaft.md":"B62xGe3q","students_informatik_inf_klasse_8_vernetzte_systeme_kooperation_kollaboration.md":"D02aAWre","students_informatik_inf_klasse_9_datenbanken_aufbau_datenbanken.md":"DdfMOQ96","students_informatik_inf_klasse_9_datenbanken_datenbanken_entwickeln.md":"BwBxO9Ob","students_informatik_inf_klasse_9_datenbanken_gesellschaft_datenbanken.md":"B3AW-u-D","students_informatik_inf_klasse_9_datenbanken_operationen_datenbanken.md":"Cf_GvqNg","students_informatik_inf_klasse_9_index.md":"Du3-BnMa","students_informatik_inf_klasse_9_ki_bestaerkendes_lernen.md":"CTXuL4LI","students_informatik_inf_klasse_9_ki_einfuehrung_ki.md":"BZLymCpd","students_informatik_inf_klasse_9_ki_ueberwachtes_lernen.md":"BCvqnSto","students_informatik_inf_klasse_9_ki_unueberwachtes_lernen.md":"CaMR6ySu","students_informatik_inf_klasse_9_netzwerke_datenschutz_datensicherheit.md":"DQmz0RdV","students_informatik_inf_klasse_9_netzwerke_gesellschaft.md":"BTHuWZ6Y","students_informatik_inf_klasse_9_netzwerke_grundlagen.md":"_ADaRk6l","students_informatik_inf_klasse_9_netzwerke_verschluesselung.md":"E6SuHpxf","teachers_index.md":"BDpqvMYZ","teachers_t_computerscience_klasse_9_stunde1.md":"CP_2HibS","teachers_t_english_index.md":"BjwdvLD4","teachers_t_english_seminar_bewertung.md":"B24o5iHn","uk_index.md":"G6xfgEJb","uk_students_index.md":"DQTrcSf4","uk_students_informatik_index.md":"BZJ0WB7C","uk_students_informatik_inf_klasse_10_index.md":"CqsZAUY1","uk_students_informatik_inf_klasse_10_programmieren_block1.md":"DwljQ1pW","uk_students_informatik_inf_klasse_10_programmieren_block2.md":"EFko_2Pv","uk_students_informatik_inf_klasse_10_programmieren_block3.md":"D4paRvPA","uk_students_informatik_inf_klasse_10_programmieren_block4.md":"CLWyuqVP","uk_students_informatik_inf_klasse_10_programmieren_block5.md":"BIXCteTP","uk_students_informatik_inf_klasse_10_programmieren_block6.md":"BVs03bZD","uk_students_informatik_inf_klasse_10_programmieren_pyturtle_wiki.md":"w3dwYxBQ"}
